group,key,text
EC_GROUP_PEOPLE,Opponent,ADVERSAIRE
EC_GROUP_PEOPLE,I,JE
EC_GROUP_PEOPLE,You,TOI
EC_GROUP_PEOPLE,Yours,LE TIEN
EC_GROUP_PEOPLE,Son,FILS
EC_GROUP_PEOPLE,Your,TON
EC_GROUP_PEOPLE,Youre,TU ES
EC_GROUP_PEOPLE,Youve,TU AS
EC_GROUP_PEOPLE,Mother,MÈRE
EC_GROUP_PEOPLE,Grandfather,GRAN-PÈRE
EC_GROUP_PEOPLE,Uncle,ONCLE
EC_GROUP_PEOPLE,Father,PÈRE
EC_GROUP_PEOPLE,Boy,GARÇON
EC_GROUP_PEOPLE,Adult,ADULTE
EC_GROUP_PEOPLE,Brother,FRÈRE
EC_GROUP_PEOPLE,Sister,SŒUR
EC_GROUP_PEOPLE,Grandmother,GRAND-MÈRE
EC_GROUP_PEOPLE,Aunt,TANTE
EC_GROUP_PEOPLE,Parent,PARENT
EC_GROUP_PEOPLE,Man,HOMME
EC_GROUP_PEOPLE,Me,MOI
EC_GROUP_PEOPLE,Girl,FILLE
EC_GROUP_PEOPLE,Babe,CHÉRI(E)
EC_GROUP_PEOPLE,Family,FAMILLE
EC_GROUP_PEOPLE,Her,ELLE / LA
EC_GROUP_PEOPLE,Him,LUI / LE
EC_GROUP_PEOPLE,He,IL
EC_GROUP_PEOPLE,Place,ENDROIT
EC_GROUP_PEOPLE,Daughter,FILLE
EC_GROUP_PEOPLE,His,SON
EC_GROUP_PEOPLE,Hes,IL EST
EC_GROUP_PEOPLE,Arent,NE SONT PAS
EC_GROUP_PEOPLE,Siblings,FRÈRES ET SŒURS
EC_GROUP_PEOPLE,Kid,ENFANT
EC_GROUP_PEOPLE,Children,ENFANTS
EC_GROUP_PEOPLE,Mr, M.
EC_GROUP_PEOPLE,Mrs,MME.
EC_GROUP_PEOPLE,Myself,MOI-MÊME
EC_GROUP_PEOPLE,IWas,J'ÉTAIS
EC_GROUP_PEOPLE,ToMe,POUR MOI
EC_GROUP_PEOPLE,My,MON
EC_GROUP_PEOPLE,IAm,JE SUIS
EC_GROUP_PEOPLE,Ive,J'AI
EC_GROUP_PEOPLE,Who,QUI
EC_GROUP_PEOPLE,Someone,QUELQU'UN
EC_GROUP_PEOPLE,WhoWas,QUI ÉTAIT
EC_GROUP_PEOPLE,ToWhom,A QUI
EC_GROUP_PEOPLE,Whose,À QUI / DONT
EC_GROUP_PEOPLE,WhoIs,QUI EST
EC_GROUP_PEOPLE,Its,C'EST
EC_GROUP_PEOPLE,Lady,DAME
EC_GROUP_PEOPLE,Friend,AMI
EC_GROUP_PEOPLE,Ally,ALLIÉ
EC_GROUP_PEOPLE,Person,PERSONNE
EC_GROUP_PEOPLE,Dude,MEC
EC_GROUP_PEOPLE,They,ILS
EC_GROUP_PEOPLE,TheyWere,ILS ÉTAIENT
EC_GROUP_PEOPLE,ToThem,À EUX
EC_GROUP_PEOPLE,Their,LEUR
EC_GROUP_PEOPLE,Theyre,ILS SONT
EC_GROUP_PEOPLE,Theyve,ILS ONT
EC_GROUP_PEOPLE,We,NOUS
EC_GROUP_PEOPLE,Been,ÉTÉ
EC_GROUP_PEOPLE,ToUs,À NOUS
EC_GROUP_PEOPLE,Our,NOTRE
EC_GROUP_PEOPLE,WeRe,NOUS SOMMES
EC_GROUP_PEOPLE,Rival,RIVAL
EC_GROUP_PEOPLE,Weve,NOUS AVONS
EC_GROUP_PEOPLE,Woman,FEMME
EC_GROUP_PEOPLE,She,ELLE
EC_GROUP_PEOPLE,SheWas,ELLE ÉTAIT
EC_GROUP_PEOPLE,ToHer,À ELLE
EC_GROUP_PEOPLE,Hers,LA SIENNE
EC_GROUP_PEOPLE,SheIs,ELLE EST
EC_GROUP_PEOPLE,Some,QUELQUES
EC_GROUP_BATTLE,MatchUp,AFFRONTEMENT
EC_GROUP_BATTLE,Go,EN AVANT
EC_GROUP_BATTLE,No1,N° 1
EC_GROUP_BATTLE,Decide,DÉCIDE
EC_GROUP_BATTLE,LetMeWin,LAISSE-MOI GAGNER
EC_GROUP_BATTLE,Wins,GAGNES
EC_GROUP_BATTLE,Win,GAGNER
EC_GROUP_BATTLE,Won,GAGNÉ
EC_GROUP_BATTLE,IfIWin,SI JE GAGNE
EC_GROUP_BATTLE,WhenIWin,QUAND JE GAGNE
EC_GROUP_BATTLE,CantWin,NE PEUT PAS GAGNER
EC_GROUP_BATTLE,CanWin,PEUT GAGNER
EC_GROUP_BATTLE,NoMatch,PAS DE COMBAT
EC_GROUP_BATTLE,Spirit,ESPRIT
EC_GROUP_BATTLE,Decided,DÉCIDÉ
EC_GROUP_BATTLE,TrumpCard,ATOUT
EC_GROUP_BATTLE,TakeThat,PRENDS ÇA
EC_GROUP_BATTLE,ComeOn,ALLEZ
EC_GROUP_BATTLE,Attack,ATTAQUE
EC_GROUP_BATTLE,Surrender,ABANDONNER
EC_GROUP_BATTLE,Gutsy,COUREGEUX
EC_GROUP_BATTLE,Talent,TALENT
EC_GROUP_BATTLE,Strategy,STRATÉGIE
EC_GROUP_BATTLE,Smite,FOLÂTRE / FRAPPER
EC_GROUP_BATTLE,Match,COMBAT
EC_GROUP_BATTLE,Victory,VICTOIRE
EC_GROUP_BATTLE,Offensive,OFFENSIVE
EC_GROUP_BATTLE,Sense,INSTINCT / SENS
EC_GROUP_BATTLE,Versus,CONTRE
EC_GROUP_BATTLE,Fights,COMBATS
EC_GROUP_BATTLE,Power,PUISSANCE
EC_GROUP_BATTLE,Challenge,DÉFI
EC_GROUP_BATTLE,Strong,FORT
EC_GROUP_BATTLE,TooStrong,TROP FORT
EC_GROUP_BATTLE,GoEasy,FAIS DOUCEMENT
EC_GROUP_BATTLE,Foe,ENNEMI
EC_GROUP_BATTLE,Genius,GÉNIE
EC_GROUP_BATTLE,Legend,LÉGENDE
EC_GROUP_BATTLE,Escape,FUIR
EC_GROUP_BATTLE,Aim,VISER
EC_GROUP_BATTLE,Battle,BATAILLE
EC_GROUP_BATTLE,Fight,COMBAT
EC_GROUP_BATTLE,Resuscitate,RÉANIMER
EC_GROUP_BATTLE,Points,POINTS
EC_GROUP_BATTLE,Serious,SÉRIEUX
EC_GROUP_BATTLE,GiveUp,ABANDONNER
EC_GROUP_BATTLE,Loss,DÉFAITE
EC_GROUP_BATTLE,IfILose,SI JE PERDS
EC_GROUP_BATTLE,Lost,PERDU
EC_GROUP_BATTLE,Lose,PERDRE
EC_GROUP_BATTLE,Guard,GARDER / DÉFENSE
EC_GROUP_BATTLE,Partner,PARTENAIRE
EC_GROUP_BATTLE,Reject,REJETER
EC_GROUP_BATTLE,Accept,ACCEPTER
EC_GROUP_BATTLE,Invincible,INVINCIBLE
EC_GROUP_BATTLE,Received,REÇU
EC_GROUP_BATTLE,Easy,FACILE
EC_GROUP_BATTLE,Weak,FAIBLE
EC_GROUP_BATTLE,TooWeak,TROP FAIBLE
EC_GROUP_BATTLE,Pushover,POUSSER / FACILE À VAINCRE
EC_GROUP_BATTLE,Leader,LEADER
EC_GROUP_BATTLE,Rule,RÈGLE
EC_GROUP_BATTLE,Move,BOUGER / MOUVEMENT
EC_GROUP_GREETINGS,Thanks,MERCi
EC_GROUP_GREETINGS,Yes,OUI
EC_GROUP_GREETINGS,HereGoes,VOILÀ
EC_GROUP_GREETINGS,HereICome,ME VOILÀ
EC_GROUP_GREETINGS,HereItIs,LE VOICI
EC_GROUP_GREETINGS,Yeah,OUAIS
EC_GROUP_GREETINGS,Welcome,BIENVENUE
EC_GROUP_GREETINGS,Oi,HÉ
EC_GROUP_GREETINGS,HowDo,COMMENT FAIRE
EC_GROUP_GREETINGS,Congrats,FÉLICITATIONS
EC_GROUP_GREETINGS,GiveMe,DONNE-MOI
EC_GROUP_GREETINGS,Sorry,DÉSOLÉ
EC_GROUP_GREETINGS,Apologize,PRÉSENTER DES EXCUSES
EC_GROUP_GREETINGS,Forgive,PARDONNER
EC_GROUP_GREETINGS,HeyThere,"HÉ, TOI"
EC_GROUP_GREETINGS,Hello,BONJOUR
EC_GROUP_GREETINGS,GoodBye,AU REVOIR
EC_GROUP_GREETINGS,ThankYou,MERCI
EC_GROUP_GREETINGS,IveArrived,J'AI ARRIVÉ / JE SUIS ARRIVÉ
EC_GROUP_GREETINGS,Pardon,PARDON
EC_GROUP_GREETINGS,Excuse,EXCUSE
EC_GROUP_GREETINGS,SeeYa,À PLUS
EC_GROUP_GREETINGS,ExcuseMe,EXCUSEZ-MOI
EC_GROUP_GREETINGS,WellThen,"EH BIEN,"
EC_GROUP_GREETINGS,GoAhead,VA-T-EN / VAS-Y
EC_GROUP_GREETINGS,Appreciate,APPRÉCIER
EC_GROUP_GREETINGS,HeyQues,HEY ?
EC_GROUP_GREETINGS,WhatsUpQues,QUOI DE NEUF ?
EC_GROUP_GREETINGS,HuhQues,HEIN ?
EC_GROUP_GREETINGS,No,NON
EC_GROUP_GREETINGS,Hi,SALUT
EC_GROUP_GREETINGS,YeahYeah,"OUI, OUI"
EC_GROUP_GREETINGS,ByeBye,BYE-BYE
EC_GROUP_GREETINGS,MeetYou,TE RENCONTRER
EC_GROUP_GREETINGS,Hey,HÉ
EC_GROUP_GREETINGS,Smell,SENTIR
EC_GROUP_GREETINGS,Listening,À L'ÉCOUTE
EC_GROUP_GREETINGS,HooHah,HOO-HAH
EC_GROUP_GREETINGS,Yahoo,YAHOO
EC_GROUP_GREETINGS,Yo,YO
EC_GROUP_GREETINGS,ComeOver,VIENS
EC_GROUP_GREETINGS,CountOn,COMPTE SUR
EC_GROUP_VOICES,Excl,!
EC_GROUP_VOICES,ExclExcl,!!
EC_GROUP_VOICES,QuesExcl,?!
EC_GROUP_VOICES,Ques,?
EC_GROUP_VOICES,Ellipsis,…
EC_GROUP_VOICES,EllipsisExcl,…!
EC_GROUP_VOICES,EllipsisEllipsisEllipsis,………
EC_GROUP_VOICES,Dash,-
EC_GROUP_VOICES,DashDashDash,- - -
EC_GROUP_VOICES,UhOh,OUPS
EC_GROUP_VOICES,Waaah,WAAAH
EC_GROUP_VOICES,Ahaha,AHAHA
EC_GROUP_VOICES,OhQues,OH ?
EC_GROUP_VOICES,Nope,NON
EC_GROUP_VOICES,Urgh,URGH
EC_GROUP_VOICES,Hmm,HMM
EC_GROUP_VOICES,Whoah,OULA
EC_GROUP_VOICES,WroooaarExcl,WROOOAAR!
EC_GROUP_VOICES,Wow,WAOUH
EC_GROUP_VOICES,Giggle,RIRE
EC_GROUP_VOICES,Sigh,SOUFFLE / SIGH
EC_GROUP_VOICES,Unbelievable,INCROYABLE
EC_GROUP_VOICES,Cries,PLEURS
EC_GROUP_VOICES,Agree,D'ACCORD
EC_GROUP_VOICES,EhQues,HEIN ?
EC_GROUP_VOICES,Cry,PLEURER
EC_GROUP_VOICES,Ehehe,EHEHE
EC_GROUP_VOICES,OiOiOi,"HÉ, HÉ, HÉ"
EC_GROUP_VOICES,OhYeah,"OH, OUI"
EC_GROUP_VOICES,Oh,OH
EC_GROUP_VOICES,Oops,OUPS
EC_GROUP_VOICES,Shocked,CHOQUÉ
EC_GROUP_VOICES,Eek,AÏE
EC_GROUP_VOICES,Graaah,GRAAAH
EC_GROUP_VOICES,Gwahahaha,GWAHAHAHA
EC_GROUP_VOICES,Way,VOIE / FAÇON
EC_GROUP_VOICES,Tch,TCH
EC_GROUP_VOICES,Hehe,HEHE
EC_GROUP_VOICES,Hah,HAH
EC_GROUP_VOICES,Yup,OUI
EC_GROUP_VOICES,Hahaha,HAHAHA
EC_GROUP_VOICES,Aiyeeh,AIYEEH
EC_GROUP_VOICES,Hiyah,HIYAH
EC_GROUP_VOICES,Fufufu,FUFUFU
EC_GROUP_VOICES,Lol,LOL
EC_GROUP_VOICES,Snort,RENIFLE
EC_GROUP_VOICES,Humph,HMPH
EC_GROUP_VOICES,Hehehe,HEHEHE
EC_GROUP_VOICES,Heh,HEH
EC_GROUP_VOICES,Hohoho,HOHOHO
EC_GROUP_VOICES,UhHuh,UH-HUH
EC_GROUP_VOICES,OhDear,"OH, MON DIEU"
EC_GROUP_VOICES,Arrgh,ARRGH
EC_GROUP_VOICES,Mufufu,MUFUFU
EC_GROUP_VOICES,Mmm,MMM
EC_GROUP_VOICES,OhKay,OH-D'ACCORD
EC_GROUP_VOICES,Okay,OKAY
EC_GROUP_VOICES,Lalala,LALALA
EC_GROUP_VOICES,Yay,YAY
EC_GROUP_VOICES,Aww,AWW
EC_GROUP_VOICES,Wowee,WOWEE
EC_GROUP_VOICES,Gwah,GWAH
EC_GROUP_VOICES,Wahahaha,WAHAHAHA
EC_GROUP_SPEECH,Listen,ÉCOUTE
EC_GROUP_SPEECH,NotVery,PAS TRÈS
EC_GROUP_SPEECH,Mean,MÉCHANT
EC_GROUP_SPEECH,Lie,MENTIR
EC_GROUP_SPEECH,Lay,POSER / ALLONGER
EC_GROUP_SPEECH,Recommend,RECOMMANDER
EC_GROUP_SPEECH,Nitwit,IMBÉCILE
EC_GROUP_SPEECH,Quite,ASSEZ
EC_GROUP_SPEECH,From,DE
EC_GROUP_SPEECH,Feeling,SENTIMENT
EC_GROUP_SPEECH,But,MAIS
EC_GROUP_SPEECH,However,CEPENDANT
EC_GROUP_SPEECH,Case,CAS
EC_GROUP_SPEECH,The,LE / LA
EC_GROUP_SPEECH,Miss,MADAME / MANQUER
EC_GROUP_SPEECH,How,COMMENT
EC_GROUP_SPEECH,Hit,FRAPPER
EC_GROUP_SPEECH,Enough,SUFFISAMMENT
EC_GROUP_SPEECH,ALot,BEAUCOUP
EC_GROUP_SPEECH,ALittle,UN PEU
EC_GROUP_SPEECH,Absolutely,ABSOLUMENT
EC_GROUP_SPEECH,And,ET
EC_GROUP_SPEECH,Only,SEULEMENT
EC_GROUP_SPEECH,Around,ENVIRON / AUTOUR
EC_GROUP_SPEECH,Probably,PROBABLEMENT
EC_GROUP_SPEECH,If,SI
EC_GROUP_SPEECH,Very,TRÈS
EC_GROUP_SPEECH,ATinyBit,UN PEU
EC_GROUP_SPEECH,Wild,SAUVAGE
EC_GROUP_SPEECH,Thats,ÇA C'EST
EC_GROUP_SPEECH,Just,JUSTE
EC_GROUP_SPEECH,EvenSo,"MÊME AINSI,"
EC_GROUP_SPEECH,MustBe,DOIT ÊTRE
EC_GROUP_SPEECH,Naturally,NATURELLEMENT
EC_GROUP_SPEECH,ForNow,"POUR L'INSTANT,"
EC_GROUP_SPEECH,Understood,COMPRIS
EC_GROUP_SPEECH,Joking,PLAISANTER
EC_GROUP_SPEECH,Ready,PRÊT
EC_GROUP_SPEECH,Something,QUELQUE CHOSE
EC_GROUP_SPEECH,Somehow,D'UNE MANIÈRE OU D'UNE AUTRE
EC_GROUP_SPEECH,Although,BIEN QUE
EC_GROUP_SPEECH,Also,AUSSI
EC_GROUP_SPEECH,Perfect,PARFAIT
EC_GROUP_SPEECH,AsMuchAs,AUTANT QUE
EC_GROUP_SPEECH,Really,VRAIMENT
EC_GROUP_SPEECH,Truly,VRAIMENT / VRAI
EC_GROUP_SPEECH,Seriously,SÉRIEUSEMENT
EC_GROUP_SPEECH,Totally,COMPLÈTEMENT
EC_GROUP_SPEECH,Until,JUSQU'À
EC_GROUP_SPEECH,AsIf,COMME SI
EC_GROUP_SPEECH,Mood,HUMEUR
EC_GROUP_SPEECH,Rather,PLUTÔT
EC_GROUP_SPEECH,Awfully,TERRIBLEMENT
EC_GROUP_SPEECH,Mode,MODE
EC_GROUP_SPEECH,More,PLUS
EC_GROUP_SPEECH,TooLate,TROP TARD
EC_GROUP_SPEECH,Finally,ENFIN
EC_GROUP_SPEECH,Any,N'IMPORTE QUEL
EC_GROUP_SPEECH,Instead,AU LIEU DE
EC_GROUP_SPEECH,Fantastic,FANTASTIQUE
EC_GROUP_SPEECH,Endings,FINS
EC_GROUP_SPEECH,Will,FUTUR / VOULOIR
EC_GROUP_SPEECH,WillBeHere, SERA ICI
EC_GROUP_SPEECH,Or,OU
EC_GROUP_SPEECH,Times,FOIS
EC_GROUP_SPEECH,Wonder,MERVEILLE
EC_GROUP_SPEECH,IsItQues,EST-CE ?
EC_GROUP_SPEECH,Be,ÊTRE
EC_GROUP_SPEECH,Gimme,DONNE-MOI
EC_GROUP_SPEECH,Could,POURRAIT
EC_GROUP_SPEECH,LikelyTo,PROBABLEMENT
EC_GROUP_SPEECH,Would,VOUDRAIT
EC_GROUP_SPEECH,Is,EST
EC_GROUP_SPEECH,IsntItQues,N'EST-CE PAS ?
EC_GROUP_SPEECH,Lets,ALLONS
EC_GROUP_SPEECH,Other,AUTRE
EC_GROUP_SPEECH,Are,SONT
EC_GROUP_SPEECH,Was,ÉTAIT
EC_GROUP_SPEECH,Were,ÉTAIENT
EC_GROUP_SPEECH,Those,CEUX-LÀ
EC_GROUP_SPEECH,Isnt,N'EST PAS
EC_GROUP_SPEECH,Wont,NE S'AGENOUILLERA PAS / NE VOUDRA PAS
EC_GROUP_SPEECH,Cant,NE PEUT PAS
EC_GROUP_SPEECH,Can,PEUT
EC_GROUP_SPEECH,Dont,NE PAS
EC_GROUP_SPEECH,Do,FAIRE
EC_GROUP_SPEECH,Does,FAIT
EC_GROUP_SPEECH,Whom,QUI
EC_GROUP_SPEECH,Which,LEQUEL
EC_GROUP_SPEECH,Wasnt,N'ÉTAIT PAS
EC_GROUP_SPEECH,Werent,N'ÉTAIENT PAS
EC_GROUP_SPEECH,Have,AVOIR
EC_GROUP_SPEECH,Havent,N'ONT PAS
EC_GROUP_SPEECH,A,A
EC_GROUP_SPEECH,An,UN / UNE
EC_GROUP_SPEECH,Not,PAS
EC_GROUP_SPEECH,There,IL Y A / LÀ
EC_GROUP_SPEECH,OkQues,OK ?
EC_GROUP_SPEECH,So,ALORS
EC_GROUP_SPEECH,Maybe,PEUT-ÊTRE
EC_GROUP_SPEECH,About,À PROPOS
EC_GROUP_SPEECH,Over,FINI / PAR-DESSUS
EC_GROUP_SPEECH,It,IL / CELA
EC_GROUP_SPEECH,All,TOUT
EC_GROUP_SPEECH,For,POUR
EC_GROUP_SPEECH,On,SUR
EC_GROUP_SPEECH,Off,ÉTEINT / HORS
EC_GROUP_SPEECH,As,COMME
EC_GROUP_SPEECH,To,À
EC_GROUP_SPEECH,With,AVEC
EC_GROUP_SPEECH,Better,MEILLEUR
EC_GROUP_SPEECH,Ever,JAMAIS
EC_GROUP_SPEECH,Since,DEPUIS
EC_GROUP_SPEECH,Of,DE
EC_GROUP_SPEECH,BelongsTo,APPARTIENT À
EC_GROUP_SPEECH,At,À
EC_GROUP_SPEECH,In,DANS
EC_GROUP_SPEECH,Out,DEHORS
EC_GROUP_SPEECH,Too,TROP
EC_GROUP_SPEECH,Like,AIMER / COMME
EC_GROUP_SPEECH,Did,AS-TU / A FAIT
EC_GROUP_SPEECH,Didnt,N'A PAS
EC_GROUP_SPEECH,Doesnt,NE FAIT PAS
EC_GROUP_SPEECH,Without,SANS
EC_GROUP_SPEECH,After,APRÈS
EC_GROUP_SPEECH,Before,AVANT
EC_GROUP_SPEECH,While,PENDANT
EC_GROUP_SPEECH,Than,QUE
EC_GROUP_SPEECH,Once,UNE FOIS
EC_GROUP_SPEECH,Anywhere,PARTOUT
EC_GROUP_FEELINGS,Meet,RENCONTRER
EC_GROUP_FEELINGS,Play,JOUER
EC_GROUP_FEELINGS,Hurried,PRESSÉ
EC_GROUP_FEELINGS,Goes,VA
EC_GROUP_FEELINGS,Giddy,ÉTOURDI
EC_GROUP_FEELINGS,Happy,HEUREUX
EC_GROUP_FEELINGS,Happiness,BONHEUR
EC_GROUP_FEELINGS,Excite,EXCITER
EC_GROUP_FEELINGS,Important,IMPORTANT
EC_GROUP_FEELINGS,Funny,DRÔLE
EC_GROUP_FEELINGS,Got,OBTENU
EC_GROUP_FEELINGS,GoHome,RENTRE CHEZ TOI
EC_GROUP_FEELINGS,Disappointed,DÉÇU
EC_GROUP_FEELINGS,Disappoints,DÉÇOIT
EC_GROUP_FEELINGS,Sad,TRISTE
EC_GROUP_FEELINGS,Try,ESSAYER
EC_GROUP_FEELINGS,Tries,ESSAIS
EC_GROUP_FEELINGS,Hears,ENTEND
EC_GROUP_FEELINGS,Think,PENSER
EC_GROUP_FEELINGS,Hear,ENTENDRE
EC_GROUP_FEELINGS,Wants,VEUT
EC_GROUP_FEELINGS,Misheard,MAL ENTENDU
EC_GROUP_FEELINGS,Dislike,DÉTESTER
EC_GROUP_FEELINGS,Angry,EN COLÈRE
EC_GROUP_FEELINGS,Anger,COLÈRE
EC_GROUP_FEELINGS,Scary,EFFRAYANT
EC_GROUP_FEELINGS,Lonesome,SEUL
EC_GROUP_FEELINGS,Disappoint,DÉCEVOIR
EC_GROUP_FEELINGS,Joy,JOIE
EC_GROUP_FEELINGS,Gets,REÇOIT
EC_GROUP_FEELINGS,Never,JAMAIS
EC_GROUP_FEELINGS,Darn,MINCE
EC_GROUP_FEELINGS,Downcast,DÉCOURAGÉ
EC_GROUP_FEELINGS,Incredible,INCROYABLE
EC_GROUP_FEELINGS,Likes,AIME
EC_GROUP_FEELINGS,Dislikes,N'AIME PAS
EC_GROUP_FEELINGS,Boring,ENNUYEUX
EC_GROUP_FEELINGS,Care,SE SOUCIE
EC_GROUP_FEELINGS,Cares,SE SOUCIE
EC_GROUP_FEELINGS,AllRight,TRÈS BIEN
EC_GROUP_FEELINGS,Adore,ADORER
EC_GROUP_FEELINGS,Disaster,DÉSASTRE
EC_GROUP_FEELINGS,Enjoy,APPRÉCIER
EC_GROUP_FEELINGS,Enjoys,APPRÉCIE
EC_GROUP_FEELINGS,Eat,MANGER
EC_GROUP_FEELINGS,Lacking,MANQUANT
EC_GROUP_FEELINGS,Bad,MAL
EC_GROUP_FEELINGS,Hard,DIFFICILE
EC_GROUP_FEELINGS,Terrible,ÉNORME / TERRIBLE
EC_GROUP_FEELINGS,Should,DEVRAIT
EC_GROUP_FEELINGS,Nice,AGRÉABLE
EC_GROUP_FEELINGS,Drink,BOIRE
EC_GROUP_FEELINGS,Surprise,SURPRISE
EC_GROUP_FEELINGS,Fear,PEUR
EC_GROUP_FEELINGS,Want,VOULOIR
EC_GROUP_FEELINGS,Wait,ATTENDRE
EC_GROUP_FEELINGS,Satisfied,SATISFAIT
EC_GROUP_FEELINGS,See,VOIR
EC_GROUP_FEELINGS,Rare,RARE
EC_GROUP_FEELINGS,Negative,NÉGATIF
EC_GROUP_FEELINGS,Done,TERMINE
EC_GROUP_FEELINGS,Danger,DANGER
EC_GROUP_FEELINGS,Defeated,VICTOIRE DÉFAITE / BATTU
EC_GROUP_FEELINGS,Beat,BATTRE
EC_GROUP_FEELINGS,Great,GÉNIAL
EC_GROUP_FEELINGS,Romantic,ROMANTIQUE
EC_GROUP_FEELINGS,Question,QUESTION
EC_GROUP_FEELINGS,Understand,COMPRENDRE
EC_GROUP_FEELINGS,Understands,COMPREND
EC_GROUP_CONDITIONS,Hot,CHAUD
EC_GROUP_CONDITIONS,Exists,EXISTE
EC_GROUP_CONDITIONS,Excess,EXCÈS
EC_GROUP_CONDITIONS,Approved,APPRUVÉ
EC_GROUP_CONDITIONS,Has,A
EC_GROUP_CONDITIONS,Good,BON
EC_GROUP_CONDITIONS,Less,MOINS
EC_GROUP_CONDITIONS,Momentum,MOMENTUM
EC_GROUP_CONDITIONS,Going,ALLER
EC_GROUP_CONDITIONS,Weird,BIZARRE
EC_GROUP_CONDITIONS,Busy,OCUPÉ
EC_GROUP_CONDITIONS,Together,ENSEMBLE
EC_GROUP_CONDITIONS,Full,PLEIN
EC_GROUP_CONDITIONS,Absent,ABSENT
EC_GROUP_CONDITIONS,Being,ÊTRE
EC_GROUP_CONDITIONS,Need,AVOIR BESOIN
EC_GROUP_CONDITIONS,Tasty,DELICIEUX
EC_GROUP_CONDITIONS,Skilled,COMPÉTENT
EC_GROUP_CONDITIONS,Noisy,BRUYANT
EC_GROUP_CONDITIONS,Big,GRAND
EC_GROUP_CONDITIONS,Late,TARD
EC_GROUP_CONDITIONS,Close,PROCHE
EC_GROUP_CONDITIONS,Docile,DOCILE
EC_GROUP_CONDITIONS,Amusing,AMUSANT
EC_GROUP_CONDITIONS,Entertaining,DIVERTISSANT
EC_GROUP_CONDITIONS,Perfection,PERFECTION
EC_GROUP_CONDITIONS,Pretty,JOLI
EC_GROUP_CONDITIONS,Healthy,SANTÉ / SAIN
EC_GROUP_CONDITIONS,Excellent,EXCELLENT
EC_GROUP_CONDITIONS,UpsideDown,À L'ENVERS
EC_GROUP_CONDITIONS,Cold,FROID
EC_GROUP_CONDITIONS,Refreshing,RAFRAÎCHISSANT
EC_GROUP_CONDITIONS,Unavoidable,INÉVITABLE
EC_GROUP_CONDITIONS,Much,BEAUCOUP
EC_GROUP_CONDITIONS,Overwhelming,ÉCRASANT
EC_GROUP_CONDITIONS,Fabulous,FABULEUX
EC_GROUP_CONDITIONS,Else,AUTRE
EC_GROUP_CONDITIONS,Expensive,CHER
EC_GROUP_CONDITIONS,Correct,CORRECT
EC_GROUP_CONDITIONS,Impossible,IMPOSSIBLE
EC_GROUP_CONDITIONS,Small,PETIT
EC_GROUP_CONDITIONS,Different,DIFFÉRENT
EC_GROUP_CONDITIONS,Tired, FATIGUÉ
EC_GROUP_CONDITIONS,Skill,COMPÉTENCE
EC_GROUP_CONDITIONS,Top,TOP
EC_GROUP_CONDITIONS,NonStop,SANS INTERRUPTION
EC_GROUP_CONDITIONS,Preposterous,ABSURDE
EC_GROUP_CONDITIONS,None,AUCUN
EC_GROUP_CONDITIONS,Nothing,RIEN
EC_GROUP_CONDITIONS,Natural,NATUREL
EC_GROUP_CONDITIONS,Becomes,DEVINT
EC_GROUP_CONDITIONS,Lukewarm,TIEDE
EC_GROUP_CONDITIONS,Fast,RAPIDE
EC_GROUP_CONDITIONS,Low,FAIBLE
EC_GROUP_CONDITIONS,Awful,EFFROYABLE
EC_GROUP_CONDITIONS,Alone,SEUL
EC_GROUP_CONDITIONS,Bored,ENNUYÉ
EC_GROUP_CONDITIONS,Secret,SECRET
EC_GROUP_CONDITIONS,Mystery,MYSTÈRE
EC_GROUP_CONDITIONS,Lacks,MANQUE
EC_GROUP_CONDITIONS,Best,MEILLEUR
EC_GROUP_CONDITIONS,Lousy,MAUVAIS
EC_GROUP_CONDITIONS,Mistake,ERREUR
EC_GROUP_CONDITIONS,Kind,GENTIL
EC_GROUP_CONDITIONS,Well,BIEN
EC_GROUP_CONDITIONS,Weakened,AFFAIBLI
EC_GROUP_CONDITIONS,Simple,SIMPLE
EC_GROUP_CONDITIONS,Seems,SEMBLE
EC_GROUP_CONDITIONS,Badly,MAL
EC_GROUP_ACTIONS,Meets,RENCONTRE
EC_GROUP_ACTIONS,Concede,CONCÉDER
EC_GROUP_ACTIONS,Give,DONNER
EC_GROUP_ACTIONS,Gives,DONNE
EC_GROUP_ACTIONS,Played,JOUE
EC_GROUP_ACTIONS,Plays,JOUES / JOUE
EC_GROUP_ACTIONS,Collect,COLLECTER
EC_GROUP_ACTIONS,Walking,MARCHER
EC_GROUP_ACTIONS,Walks,MARCHE
EC_GROUP_ACTIONS,Says,DIT
EC_GROUP_ACTIONS,Went,EST ALLÉ
EC_GROUP_ACTIONS,Said,DIT
EC_GROUP_ACTIONS,WakeUp,RÉVEILLER
EC_GROUP_ACTIONS,WakesUp,SE RÉVEILLE
EC_GROUP_ACTIONS,Angers,ÉNERVE
EC_GROUP_ACTIONS,Teach,ENSEIGNER
EC_GROUP_ACTIONS,Teaches,ENSEIGNE
EC_GROUP_ACTIONS,Please, S'IL VOUS PLAÎT
EC_GROUP_ACTIONS,Learn,APPRENDRE
EC_GROUP_ACTIONS,Change,CHANGER
EC_GROUP_ACTIONS,Story,HISTOIRE
EC_GROUP_ACTIONS,Trust,FAIRE CONFIANCE
EC_GROUP_ACTIONS,Lavish,FASTUEUX
EC_GROUP_ACTIONS,Listens,ÉCOUTE
EC_GROUP_ACTIONS,Hearing,ENTENDU
EC_GROUP_ACTIONS,Trains,S'ENTRAÎNE
EC_GROUP_ACTIONS,Choose,CHOISIR
EC_GROUP_ACTIONS,Come,VIENS
EC_GROUP_ACTIONS,Came,EST VENU
EC_GROUP_ACTIONS,Search,CHERCHER
EC_GROUP_ACTIONS,Make,FAIRE
EC_GROUP_ACTIONS,Cause,CAUSER
EC_GROUP_ACTIONS,Know,SAVOIR
EC_GROUP_ACTIONS,Knows,SAIT
EC_GROUP_ACTIONS,Refuse,REFUSER
EC_GROUP_ACTIONS,Stores,STOCKE
EC_GROUP_ACTIONS,Brag,SE VANter
EC_GROUP_ACTIONS,Ignorant,IGNORANT
EC_GROUP_ACTIONS,Thinks,PENSE
EC_GROUP_ACTIONS,Believe,CROIRE
EC_GROUP_ACTIONS,Slide,GLISSER
EC_GROUP_ACTIONS,Eats,MANGE
EC_GROUP_ACTIONS,Use,UTILISER
EC_GROUP_ACTIONS,Uses,UTILISE
EC_GROUP_ACTIONS,Using,EN TRAIN D'UTILISER
EC_GROUP_ACTIONS,Couldnt,NE POUVAIT PAS
EC_GROUP_ACTIONS,Capable,CAPABLE
EC_GROUP_ACTIONS,Disappear,DISPARAÎTRE
EC_GROUP_ACTIONS,Appear,APPARAÎTRE
EC_GROUP_ACTIONS,Throw,JETER
EC_GROUP_ACTIONS,Worry,INQUIÉTER
EC_GROUP_ACTIONS,Slept,DORMI
EC_GROUP_ACTIONS,Sleep,DORMIR
EC_GROUP_ACTIONS,Release,LIBÉRER
EC_GROUP_ACTIONS,Drinks,BOIT
EC_GROUP_ACTIONS,Runs,COURT
EC_GROUP_ACTIONS,Run,COURIR
EC_GROUP_ACTIONS,Works,TRAVAILLE
EC_GROUP_ACTIONS,Working,TRAVAIL
EC_GROUP_ACTIONS,Talking,PARLE
EC_GROUP_ACTIONS,Talk,PARLER
EC_GROUP_ACTIONS,Sink,S'ENFONCER
EC_GROUP_ACTIONS,Smack,GIFLE
EC_GROUP_ACTIONS,Pretend,FAIRE SEMBLANT
EC_GROUP_ACTIONS,Praise,LOUER
EC_GROUP_ACTIONS,Overdo,EXAGÉRER
EC_GROUP_ACTIONS,Show,MONTRER
EC_GROUP_ACTIONS,Looks,REGARDE
EC_GROUP_ACTIONS,Sees,VOIT
EC_GROUP_ACTIONS,Seek,CHERCHER
EC_GROUP_ACTIONS,Own,POSSEDER
EC_GROUP_ACTIONS,Take,PRENDRE
EC_GROUP_ACTIONS,Allow,PERMETTRE
EC_GROUP_ACTIONS,Forget,OUBLIER
EC_GROUP_ACTIONS,Forgets,OUBLIE
EC_GROUP_ACTIONS,Appears,APPARAÎT
EC_GROUP_ACTIONS,Faint,S'ÉVANOUIR
EC_GROUP_ACTIONS,Fainted,ÉVANOUI
EC_GROUP_LIFESTYLE,Chores,CHORE
EC_GROUP_LIFESTYLE,Home,MAISON
EC_GROUP_LIFESTYLE,Money,ARGENT
EC_GROUP_LIFESTYLE,Allowance,ARGENT DE POCHE
EC_GROUP_LIFESTYLE,Bath,Bain
EC_GROUP_LIFESTYLE,Conversation,CONVERSATION
EC_GROUP_LIFESTYLE,School,ÉCOLE
EC_GROUP_LIFESTYLE,Commemorate,COMMÉMORER
EC_GROUP_LIFESTYLE,Habit,HABITUDE
EC_GROUP_LIFESTYLE,Group,GROUPE
EC_GROUP_LIFESTYLE,Word,MOT
EC_GROUP_LIFESTYLE,Store,BOUTIQUE
EC_GROUP_LIFESTYLE,Service,SERVICE
EC_GROUP_LIFESTYLE,Work,TRAVAIL
EC_GROUP_LIFESTYLE,System,SYSTÈME
EC_GROUP_LIFESTYLE,Train,ENTRAÎNER
EC_GROUP_LIFESTYLE,Class,CLASSE
EC_GROUP_LIFESTYLE,Lessons,LEÇONS
EC_GROUP_LIFESTYLE,Information,INFORMATION
EC_GROUP_LIFESTYLE,Living,VIE
EC_GROUP_LIFESTYLE,Teacher,ENSEIGNANT
EC_GROUP_LIFESTYLE,Tournament,TOURNOI
EC_GROUP_LIFESTYLE,Letter,LETTRE
EC_GROUP_LIFESTYLE,Event,ÉVÉNEMENT
EC_GROUP_LIFESTYLE,Digital,NUMÉRIQUE
EC_GROUP_LIFESTYLE,Test,TEST
EC_GROUP_LIFESTYLE,DeptStore,GRAND MAGASIN
EC_GROUP_LIFESTYLE,Television,TÉLÉVISION
EC_GROUP_LIFESTYLE,Phone,TÉLÉPHONE
EC_GROUP_LIFESTYLE,Item,OBJET
EC_GROUP_LIFESTYLE,Name,NOM
EC_GROUP_LIFESTYLE,News,NOUVELLES
EC_GROUP_LIFESTYLE,Popular,POPULAIRE
EC_GROUP_LIFESTYLE,Party,FÊTE
EC_GROUP_LIFESTYLE,Study,ÉTUDIER
EC_GROUP_LIFESTYLE,Machine,MACHINE
EC_GROUP_LIFESTYLE,Mail,Courrier
EC_GROUP_LIFESTYLE,Message,MESSAGE
EC_GROUP_LIFESTYLE,Promise,PROMESSE
EC_GROUP_LIFESTYLE,Dream,RÊVE
EC_GROUP_LIFESTYLE,Kindergarten,JARDIN D'ENFANTS
EC_GROUP_LIFESTYLE,Life,VIE
EC_GROUP_LIFESTYLE,Radio,RADIO
EC_GROUP_LIFESTYLE,Rental,LOCATION
EC_GROUP_LIFESTYLE,World,MONDE
EC_GROUP_LIFESTYLE,Teacher,ENSEIGNANT
EC_GROUP_LIFESTYLE,Tournament,TOURNOI
EC_GROUP_LIFESTYLE,Letter,LETTRE
EC_GROUP_HOBBIES,Idol,IDOLE
EC_GROUP_HOBBIES,Anime,ANIME
EC_GROUP_HOBBIES,Song,CHANSON
EC_GROUP_HOBBIES,Movie,FILM
EC_GROUP_HOBBIES,Sweets,CONFISERIES
EC_GROUP_HOBBIES,Chat,DISCUSSION
EC_GROUP_HOBBIES,ChildsPlay,JEU D'ENFANT
EC_GROUP_HOBBIES,Toys,JOUETS
EC_GROUP_HOBBIES,Music,MUSIQUE
EC_GROUP_HOBBIES,Cards,CARTES
EC_GROUP_HOBBIES,Shopping,COURSES
EC_GROUP_HOBBIES,Camera,APPAREIL PHOTO
EC_GROUP_HOBBIES,Viewing,VISIONNEMENT
EC_GROUP_HOBBIES,Spectator,SPECTATEUR
EC_GROUP_HOBBIES,Gourmet,GOURMET
EC_GROUP_HOBBIES,Game,JEU
EC_GROUP_HOBBIES,Rpg,RPG
EC_GROUP_HOBBIES,Collection,COLLECTION
EC_GROUP_HOBBIES,Complete,COMPLET
EC_GROUP_HOBBIES,Magazine,MAGAZINE
EC_GROUP_HOBBIES,Walk,MARCHE
EC_GROUP_HOBBIES,Bike,VÉLO
EC_GROUP_HOBBIES,Hobby,HOBBY
EC_GROUP_HOBBIES,Sports,SPORTS
EC_GROUP_HOBBIES,Software,LOGICIEL
EC_GROUP_HOBBIES,Songs,CHANSONS
EC_GROUP_HOBBIES,Diet,RÉGIME
EC_GROUP_HOBBIES,Treasure,TRÉSOR
EC_GROUP_HOBBIES,Travel,VOYAGE
EC_GROUP_HOBBIES,Dance,DANSE
EC_GROUP_HOBBIES,Channel,CHAÎNE
EC_GROUP_HOBBIES,Making,FAIRE
EC_GROUP_HOBBIES,Fishing,PÊCHE
EC_GROUP_HOBBIES,Date,RENDEZ-VOUS / DATE
EC_GROUP_HOBBIES,Design,DESIGN
EC_GROUP_HOBBIES,Locomotive,LOCOMOTIVE
EC_GROUP_HOBBIES,PlushDoll,PELUCHE
EC_GROUP_HOBBIES,Pc,PC
EC_GROUP_HOBBIES,Flowers,FLEURS
EC_GROUP_HOBBIES,Hero,HÉROS
EC_GROUP_HOBBIES,Nap,SIESTE
EC_GROUP_HOBBIES,Heroine,HÉROÏNE
EC_GROUP_HOBBIES,Fashion,MODE
EC_GROUP_HOBBIES,Adventure,AVENTURE
EC_GROUP_HOBBIES,Board,PLANCHE
EC_GROUP_HOBBIES,Ball,BALLE
EC_GROUP_HOBBIES,Book,LIVRE
EC_GROUP_HOBBIES,Festival,FESTIVAL
EC_GROUP_HOBBIES,Comics,BANDES DESSINÉES
EC_GROUP_HOBBIES,Holiday,VACANCES
EC_GROUP_HOBBIES,Plans,PLANS
EC_GROUP_HOBBIES,Trendy,TENDANCE
EC_GROUP_HOBBIES,Vacation,VACANCES
EC_GROUP_HOBBIES,Look,REGARDER
EC_GROUP_TIME,Fall,AUTOMNE
EC_GROUP_TIME,Morning,MATIN
EC_GROUP_TIME,Tomorrow,DEMAIN
EC_GROUP_TIME,Last,DERNier
EC_GROUP_TIME,Day,JOUR
EC_GROUP_TIME,Sometime,UN DE CES JOURS
EC_GROUP_TIME,Always,TOUJOURS
EC_GROUP_TIME,Current,ACTUEL
EC_GROUP_TIME,Forever,POUR TOUJOURS
EC_GROUP_TIME,Days,JOURS
EC_GROUP_TIME,End,FIN
EC_GROUP_TIME,Tuesday,MARDI
EC_GROUP_TIME,Yesterday,HIER
EC_GROUP_TIME,Today,AUJOURD'HUI
EC_GROUP_TIME,Friday,VENDREDI
EC_GROUP_TIME,Monday,LUNDI
EC_GROUP_TIME,Later,PLUS TARD
EC_GROUP_TIME,Earlier,PLUS TÔT
EC_GROUP_TIME,Another,UN AUTRE
EC_GROUP_TIME,Time,TEMPS
EC_GROUP_TIME,Finish,FINIR
EC_GROUP_TIME,Wednesday,MERCREDI
EC_GROUP_TIME,Soon,BIENTÔT
EC_GROUP_TIME,Start,COMMENCER
EC_GROUP_TIME,Month,MOIS
EC_GROUP_TIME,Stop,ARRÊTER
EC_GROUP_TIME,Now,MAINTENANT
EC_GROUP_TIME,Final,FINAL
EC_GROUP_TIME,Next,SUIVANT
EC_GROUP_TIME,Age,ÂGE
EC_GROUP_TIME,Saturday,SAMEDI
EC_GROUP_TIME,Summer,ÉTÉ
EC_GROUP_TIME,Sunday,DIMANCHE
EC_GROUP_TIME,Beginning,DÉBUT
EC_GROUP_TIME,Spring,PRINTEMPS
EC_GROUP_TIME,Daytime,JOURNÉE
EC_GROUP_TIME,Winter,HIVER
EC_GROUP_TIME,Daily,QUOTIDIEN
EC_GROUP_TIME,Olden,ANCIEN
EC_GROUP_TIME,Almost,QUASIMENT
EC_GROUP_TIME,Nearly,PRESQUE
EC_GROUP_TIME,Thursday,JEUDI
EC_GROUP_TIME,Nighttime,NUIT
EC_GROUP_TIME,Night,NUIT
EC_GROUP_TIME,Week,SEMAINE
EC_GROUP_MISC,Highs,HAUTS
EC_GROUP_MISC,Lows,BAS
EC_GROUP_MISC,Um,Euh
EC_GROUP_MISC,Rear,ARRIÈRE
EC_GROUP_MISC,Things,CHOSES
EC_GROUP_MISC,Thing,CHOSE
EC_GROUP_MISC,Below,EN DESSOUS
EC_GROUP_MISC,Above,AU-DESSUS
EC_GROUP_MISC,Back,DERRIÈRE
EC_GROUP_MISC,High,HAUT
EC_GROUP_MISC,Here,ICI
EC_GROUP_MISC,Inside,À L'INTÉRIEUR
EC_GROUP_MISC,Outside,À L'EXTÉRIEUR
EC_GROUP_MISC,Beside,À CÔTÉ
EC_GROUP_MISC,ThisIsItExcl,C'EST ÇA !
EC_GROUP_MISC,This,CECI
EC_GROUP_MISC,Every,CHAQUE
EC_GROUP_MISC,These,CES
EC_GROUP_MISC,TheseWere,CEUX-CI ÉTAIENT
EC_GROUP_MISC,Down,BAS
EC_GROUP_MISC,That,ÇA
EC_GROUP_MISC,ThoseAre,CEUX-LÀ SONT
EC_GROUP_MISC,ThoseWere,CEUX-LÀ ÉTAIENT
EC_GROUP_MISC,ThatsItExcl,C'EST TOUT !
EC_GROUP_MISC,Am,SUIS / SUIS
EC_GROUP_MISC,ThatWas,ÇA ÉTAIT
EC_GROUP_MISC,Front,AVANT
EC_GROUP_MISC,Up,HAUT
EC_GROUP_MISC,Choice,CHOIX
EC_GROUP_MISC,Far,LOIN
EC_GROUP_MISC,Away,ÉLOIGNÉ
EC_GROUP_MISC,Near,PRÈS
EC_GROUP_MISC,Where,OÙ
EC_GROUP_MISC,When,QUAND
EC_GROUP_MISC,What,QUOI
EC_GROUP_MISC,Deep,PROFOND
EC_GROUP_MISC,Shallow,PEU PROFOND
EC_GROUP_MISC,Why,POURQUOI
EC_GROUP_MISC,Confused,PERDU
EC_GROUP_MISC,Opposite,OPPOSÉ
EC_GROUP_MISC,Left,GAUCHE
EC_GROUP_MISC,Right,DROITE
EC_GROUP_ADJECTIVES,Wandering,ERRANT
EC_GROUP_ADJECTIVES,Rickety,BRANLANT
EC_GROUP_ADJECTIVES,RockSolid,TRÈS SOLIDE
EC_GROUP_ADJECTIVES,Hungry,FAIM
EC_GROUP_ADJECTIVES,Tight,ÉTROIT
EC_GROUP_ADJECTIVES,Ticklish,CHATOUILLEUX
EC_GROUP_ADJECTIVES,Twirling,TOURNANT
EC_GROUP_ADJECTIVES,Spiraling,SPIRALE
EC_GROUP_ADJECTIVES,Thirsty,ASOIFÉ
EC_GROUP_ADJECTIVES,Lolling,PENDANT
EC_GROUP_ADJECTIVES,Silky,SOYEUX
EC_GROUP_ADJECTIVES,Sadly,TRISTEMENT
EC_GROUP_ADJECTIVES,Hopeless,SANS ESPOIR
EC_GROUP_ADJECTIVES,Useless,INUTILE
EC_GROUP_ADJECTIVES,Drooling,BAVANT
EC_GROUP_ADJECTIVES,Exciting,EXCITANT
EC_GROUP_ADJECTIVES,Thick,ÉPAIS
EC_GROUP_ADJECTIVES,Smooth,LISSE
EC_GROUP_ADJECTIVES,Slimy,GLUANT
EC_GROUP_ADJECTIVES,Thin,MINCE
EC_GROUP_ADJECTIVES,Break,CASSER
EC_GROUP_ADJECTIVES,Voracious,VORACE
EC_GROUP_ADJECTIVES,Scatter,DISPERSER
EC_GROUP_ADJECTIVES,Awesome,GENIAL
EC_GROUP_ADJECTIVES,Wimpy,FAIBLE
EC_GROUP_ADJECTIVES,Wobbly,OSCILLANT
EC_GROUP_ADJECTIVES,Shaky,TREMBLANT
EC_GROUP_ADJECTIVES,Ripped,DÉCHIRÉ
EC_GROUP_ADJECTIVES,Shredded,ÉMINCÉ
EC_GROUP_ADJECTIVES,Increasing,AUGMENTATION
EC_GROUP_ADJECTIVES,Yet,POURTANT
EC_GROUP_ADJECTIVES,Destroyed,DÉTRUIT
EC_GROUP_ADJECTIVES,Fiery,ENFLAMMÉ
EC_GROUP_ADJECTIVES,LoveyDovey,ROMANTIQUE
EC_GROUP_ADJECTIVES,Happily,HEUREUSEMENT
EC_GROUP_ADJECTIVES,Anticipation,ANTICIPATION
EC_GROUP_EVENTS,Appeal,APPEL
EC_GROUP_EVENTS,Events,ÉVÉNEMENTS
EC_GROUP_EVENTS,StayAtHome,RESTER À LA MAISON
EC_GROUP_EVENTS,Berry,BAIE
EC_GROUP_EVENTS,Contest,CONCOURS
EC_GROUP_EVENTS,Mc,MC
EC_GROUP_EVENTS,Judge,JUGE
EC_GROUP_EVENTS,Super,SUPER
EC_GROUP_EVENTS,Stage,SCÈNE
EC_GROUP_EVENTS,HallOfFame,SALLE DE LA RENOMMÉE
EC_GROUP_EVENTS,Evolution,ÉVOLUTION
EC_GROUP_EVENTS,Hyper,HYPER
EC_GROUP_EVENTS,BattleTower,TOWER DE COMBAT
EC_GROUP_EVENTS,Leaders,LEADERS / CHEFS
EC_GROUP_EVENTS,BattleRoom,SALLE DE COMBAT
EC_GROUP_EVENTS,Hidden,CACHÉ
EC_GROUP_EVENTS,SecretBase,BASE SECRÈTE
EC_GROUP_EVENTS,Blend,MIXER
EC_GROUP_EVENTS,POKEBLOCK,{POKEBLOCK}
EC_GROUP_EVENTS,Master,MAÎTRE
EC_GROUP_EVENTS,Rank,RANG
EC_GROUP_EVENTS,Ribbon,RUBAN
EC_GROUP_EVENTS,Crush,ÉCRASER
EC_GROUP_EVENTS,Direct,DIRECT
EC_GROUP_EVENTS,Tower,TOWER
EC_GROUP_EVENTS,Union,UNION
EC_GROUP_EVENTS,Room,SALLE
EC_GROUP_EVENTS,Wireless,SANS FIL
EC_GROUP_EVENTS,Frontier,FRONTIÈRE
EC_GROUP_TRAINER,IChooseYou,JE TE CHOISIS
EC_GROUP_TRAINER,Gotcha,TOUT COMPRIS
EC_GROUP_TRAINER,Trade,ÉCHANGE
EC_GROUP_TRAINER,Sapphire,SAPPHIRE
EC_GROUP_TRAINER,Evolve,ÉVOLUER
EC_GROUP_TRAINER,Encyclopedia,ENCYCLOPÉDIE
EC_GROUP_TRAINER,Nature,NATURE
EC_GROUP_TRAINER,Center,CENTRE
EC_GROUP_TRAINER,Egg,OEUF
EC_GROUP_TRAINER,Link,LIEN
EC_GROUP_TRAINER,SpAbility,ÉT. CAPACITÉ
EC_GROUP_TRAINER,Trainer,DRESSEUR
EC_GROUP_TRAINER,Version,VERSION
EC_GROUP_TRAINER,Pokenav,POKéNAV
EC_GROUP_TRAINER,Pokemon,POKéMON
EC_GROUP_TRAINER,Get,OBTENIR
EC_GROUP_TRAINER,Pokedex,POKéDEX
EC_GROUP_TRAINER,Ruby,RUBIS
EC_GROUP_TRAINER,Level,NIVEAU
EC_GROUP_TRAINER,Red,ROUGE
EC_GROUP_TRAINER,Green,VERT
EC_GROUP_TRAINER,Bag,SAC
EC_GROUP_TRAINER,Flame,FLAMME
EC_GROUP_TRAINER,Gold,OR
EC_GROUP_TRAINER,Leaf,FEUILLE
EC_GROUP_TRAINER,Silver,ARGENT
EC_GROUP_TRAINER,Emerald,ÉMERAUDE
EC_GROUP_STATUS,Dark,OBSCUR
EC_GROUP_STATUS,Stench,ODEUR
EC_GROUP_STATUS,ThickFat,ÉPAISSE GRAISSE
EC_GROUP_STATUS,RainDish,PLAT D'ORAGE
EC_GROUP_STATUS,Drizzle,BRUME
EC_GROUP_STATUS,ArenaTrap,PIÈGE D'ARÈNE
EC_GROUP_STATUS,Intimidate,INTIMIDER
EC_GROUP_STATUS,RockHead,TÊTE DE ROC
EC_GROUP_STATUS,Color,COULEUR
EC_GROUP_STATUS,AltColor,ALT. COULEUR
EC_GROUP_STATUS,Rock,ROCHE
EC_GROUP_STATUS,Beautiful,BEAU
EC_GROUP_STATUS,Beauty,BEAUTÉ
EC_GROUP_STATUS,AirLock,VERROU D'AIR
EC_GROUP_STATUS,Psychic,PSY
EC_GROUP_STATUS,HyperCutter,COUPEUR HYPER
EC_GROUP_STATUS,Fighting,COMBAT
EC_GROUP_STATUS,ShadowTag,ÉTIQUETTE D'OMBRE
EC_GROUP_STATUS,Smart,INTELLIGENT
EC_GROUP_STATUS,Smartness,INTELLIGENCE
EC_GROUP_STATUS,SpeedBoost,BOOST DE VITESSE
EC_GROUP_STATUS,Cool,COOL
EC_GROUP_STATUS,Coolness,COOLITUDE
EC_GROUP_STATUS,BattleArmor,ARMURE DE BATAILLE
EC_GROUP_STATUS,Cute,MIGNON
EC_GROUP_STATUS,Cuteness,MIGNONNERIE
EC_GROUP_STATUS,Sturdy,ROBUSTE
EC_GROUP_STATUS,SuctionCups,VENTOUSES
EC_GROUP_STATUS,Grass,PLANTE
EC_GROUP_STATUS,ClearBody,CORPS CLAIR
EC_GROUP_STATUS,Torrent,TORRENT
EC_GROUP_STATUS,Ghost,FANTÔME
EC_GROUP_STATUS,Ice,GLACE
EC_GROUP_STATUS,Guts,COEUR / NERFS
EC_GROUP_STATUS,RoughSkin,PEAU RUGUEUSE
EC_GROUP_STATUS,ShellArmor,COQUILLE ARMURE
EC_GROUP_STATUS,NaturalCure,CURE NATURELLE
EC_GROUP_STATUS,Damp,HUMIDE
EC_GROUP_STATUS,Ground,SOL
EC_GROUP_STATUS,Limber,SOUPLE
EC_GROUP_STATUS,MagnetPull,ATTRAIT MAGNÉTIQUE
EC_GROUP_STATUS,WhiteSmoke,FUMÉE BLANCHE
EC_GROUP_STATUS,Synchronize,SYNCHRONISER
EC_GROUP_STATUS,Overgrow,SURPOUSSER
EC_GROUP_STATUS,SwiftSwim,NATATION RAPIDE
EC_GROUP_STATUS,SandStream,COURANT DE SABLE
EC_GROUP_STATUS,SandVeil,VOILE DE SABLE
EC_GROUP_STATUS,KeenEye,REGARD AIGU
EC_GROUP_STATUS,InnerFocus,FOCUS INTÉRIEUR
EC_GROUP_STATUS,Static,STATIQUE
EC_GROUP_STATUS,Type,TYPE
EC_GROUP_STATUS,Tough,ROBUSTE
EC_GROUP_STATUS,Toughness,ROBUSTESSE
EC_GROUP_STATUS,ShedSkin,CHANGE DE PEAU
EC_GROUP_STATUS,HugePower,PUISSANCE ÉNORME
EC_GROUP_STATUS,VoltAbsorb,ABSORPTION DE VOLT
EC_GROUP_STATUS,WaterAbsorb,ABSORPTION D'EAU
EC_GROUP_STATUS,Electric,ÉLECTRIQUE
EC_GROUP_STATUS,Forecast,PRÉVISION
EC_GROUP_STATUS,SereneGrace,GRACE SEREINE
EC_GROUP_STATUS,Poison,POISON
EC_GROUP_STATUS,PoisonPoint,POINT DE POISON
EC_GROUP_STATUS,Dragon,DRAGON
EC_GROUP_STATUS,Trace,TRACE
EC_GROUP_STATUS,Oblivious,INCONSCIENT
EC_GROUP_STATUS,Truant,SÉCHERESSE / TRUANT
EC_GROUP_STATUS,RunAway,FUIR
EC_GROUP_STATUS,StickyHold,PRISE COLLANTE
EC_GROUP_STATUS,CloudNine,NEUFIÈME NUAGE
EC_GROUP_STATUS,Normal,NORMAL
EC_GROUP_STATUS,Steel,ACIER
EC_GROUP_STATUS,Illuminate,ILLUMINER
EC_GROUP_STATUS,EarlyBird,OISEAU MATINAL
EC_GROUP_STATUS,Hustle,ÉLAN
EC_GROUP_STATUS,Shine,BRILLER
EC_GROUP_STATUS,Flying,VOL
EC_GROUP_STATUS,Drought,SECHERESSE
EC_GROUP_STATUS,Lightningrod,PARATONNERRE
EC_GROUP_STATUS,Compoundeyes,YEUX COMPOSÉS
EC_GROUP_STATUS,MarvelScale,ÉCHELLE MERVEILLE
EC_GROUP_STATUS,WonderGuard,GARDE MERVEILLE
EC_GROUP_STATUS,Insomnia,INSOMNIE
EC_GROUP_STATUS,Levitate,ÉLÉVATION
EC_GROUP_STATUS,Plus,PLUS
EC_GROUP_STATUS,Pressure,PRESSION
EC_GROUP_STATUS,LiquidOoze,ÉCOULEMENT LIQUIDE
EC_GROUP_STATUS,ColorChange,CHANGEMENT DE COULEUR
EC_GROUP_STATUS,Soundproof,ISOLATION SONORE
EC_GROUP_STATUS,EffectSpore,SPORE D'EFFET
EC_GROUP_STATUS,Pkrs,{PK}RS
EC_GROUP_STATUS,Fire,FEU
EC_GROUP_STATUS,FlameBody,CORPS DE FLAMME
EC_GROUP_STATUS,Minus,MOINS
EC_GROUP_STATUS,OwnTempo,RYTHME PROPRE
EC_GROUP_STATUS,MagmaArmor,ARMURE DE MAGMA
EC_GROUP_STATUS,Water,EAU
EC_GROUP_STATUS,WaterVeil,VOILE D'EAU
EC_GROUP_STATUS,Bug,INSECTE
EC_GROUP_STATUS,Swarm,ESSAIM
EC_GROUP_STATUS,CuteCharm,CHARME MIGNON
EC_GROUP_STATUS,Immunity,IMMUNITÉ
EC_GROUP_STATUS,Blaze,FLAMME
EC_GROUP_STATUS,Pickup,RAMASSER
EC_GROUP_STATUS,Pattern,MOTIF
EC_GROUP_STATUS,FlashFire,FEU ÉCLAIR
EC_GROUP_STATUS,VitalSpirit,ESPRIT VITAL
EC_GROUP_STATUS,Chlorophyll,CHLOROPHYLLE
EC_GROUP_STATUS,PurePower,PURE PUISSANCE
EC_GROUP_STATUS,ShieldDust,POUSSIÈRE DE BOUCLIER
EC_GROUP_STATUS,PurePower,PURE PUISSANCE
EC_GROUP_STATUS,ShieldDust,POUSSIÈRE DE BOUCLIER
EC_GROUP_TRENDY_SAYING,KthxBye,"OK MERCI, CIAO."
EC_GROUP_TRENDY_SAYING,YesSirExcl,"OUI, MONSIEUR!"
EC_GROUP_TRENDY_SAYING,AvantGarde,AVANT-GARDE
EC_GROUP_TRENDY_SAYING,Couple,COUPLE
EC_GROUP_TRENDY_SAYING,MuchObliged,TRÈS RECONNAISSANT
EC_GROUP_TRENDY_SAYING,YeehawExcl,YEEHAW!
EC_GROUP_TRENDY_SAYING,Mega,MÉGA
EC_GROUP_TRENDY_SAYING,1HitKOExcl,KO EN 1 COUP!
EC_GROUP_TRENDY_SAYING,Destiny,DÉSTIN
EC_GROUP_TRENDY_SAYING,Cancel,ANNULER
EC_GROUP_TRENDY_SAYING,New,NOUVEAU
EC_GROUP_TRENDY_SAYING,Flatten,APLATIR
EC_GROUP_TRENDY_SAYING,Kidding,BLAGUE
EC_GROUP_TRENDY_SAYING,Loser,PERDANT
EC_GROUP_TRENDY_SAYING,Losing,PERDRE
EC_GROUP_TRENDY_SAYING,Happening,EN COURS
EC_GROUP_TRENDY_SAYING,HipAnd,HIP AND
EC_GROUP_TRENDY_SAYING,Shake,SECOUER
EC_GROUP_TRENDY_SAYING,Shady,SUSPECT
EC_GROUP_TRENDY_SAYING,Upbeat,OPTIMISTE
EC_GROUP_TRENDY_SAYING,Modern,MODERNE
EC_GROUP_TRENDY_SAYING,SmellYa,À PLUS
EC_GROUP_TRENDY_SAYING,Bang,BANG
EC_GROUP_TRENDY_SAYING,Knockout,KO
EC_GROUP_TRENDY_SAYING,Hassle,TRACAS
EC_GROUP_TRENDY_SAYING,Winner,GAGNANT
EC_GROUP_TRENDY_SAYING,Fever,FIÈVRE
EC_GROUP_TRENDY_SAYING,Wannabe,ASPIRANT
EC_GROUP_TRENDY_SAYING,Baby,BÉBÉ
EC_GROUP_TRENDY_SAYING,Heart,COEUR
EC_GROUP_TRENDY_SAYING,Old,VIEUX
EC_GROUP_TRENDY_SAYING,Young,JEUNE
EC_GROUP_TRENDY_SAYING,Ugly,LAID
